LISTING_NEIGHBOURHOOD,MONTH_YEAR,MAXIMUM_PRICE,MINIMUM_PRICE,MEDIAN_PRICE,AVERAGE_PRICE,DISTINCT_HOST,SUPERHOST_RATE,AVG_REVIEW_SCORES_RATINGS,PERCENTAGE_CHANGE_FOR_ACTIVE_LISTING,PERCENTAGE_CHANGE_FOR_INACTIVE_LISTING,TOTAL_NUMBER_OF_STAYS,AVG_ESTIMATED_REVENUE
Bayside,1/05/2020,15367,0,86,182.0148515,1220,13.6757,92.058485,,,926970,2461.658416
Blacktown,1/05/2020,1099,23,63,90.30188679,239,11.9497,89.920398,,,199540,1037.927673
Burwood,1/05/2020,2440,15,70,148.5498155,169,8.1181,89.480663,,,27690,2000.214022
Camden,1/05/2020,350,35,85,107.6326531,41,22.449,94.366667,,,15150,1183.734694
Campbelltown,1/05/2020,2500,20,75,156.2857143,75,28.5714,91.933333,,,64750,1291.731092
Canada Bay,1/05/2020,2440,24,110,154.1659483,384,10.1293,92.894915,,,151691,2836.644397
Canterbury-Bankstown,1/05/2020,1000,12,71,96.47336378,502,11.5677,90.634615,,,375375,1336.185693
Cumberland,1/05/2020,14999,15,100,162.6237113,409,14.7766,92.057471,,,160860,3174.429553
Fairfield,1/05/2020,501,20,76,102.3541667,56,7.2917,89.633803,,,26726,1127.552083
Georges River,1/05/2020,3500,0,80,125.9182692,312,13.9423,92.166038,,,125001,1955.209135
Hornsby,1/05/2020,5000,20,91,152.1376344,338,21.9355,93.490196,,,257754,2004.350538
Hunters Hill,1/05/2020,2440,35,183,325.5740741,54,7.4074,94.972222,,,6546,7110.240741
Inner West,1/05/2020,9022,15,106,186.1645518,2010,15.1453,93.437041,,,1031320,3745.191158
Lane Cove,1/05/2020,3000,35,110,239.0727848,249,12.6582,92.097222,,,49275,4419.93038
Liverpool,1/05/2020,586,15,99,125.4675325,113,22.0779,91.226415,,,76262,1766.337662
Mosman,1/05/2020,15309,31,199,477.1843137,370,14.1176,94.801187,,,10787,9153.460784
North Sydney,1/05/2020,10000,21,139,221.3325926,1036,15.4074,93.92356,,,350337,3852.506667
Northern Beaches,1/05/2020,7654,12,200,349.3325397,4152,17.1627,95.152373,,,6135879,6747.822817
Parramatta,1/05/2020,3000,14,87,166.8743802,427,12.7273,90.673913,,,342805,2362.502479
Penrith,1/05/2020,1500,25,111.5,145.2865169,116,24.1573,95.573529,,,57550,1364.44382
Randwick,1/05/2020,10001,5,119,197.3533354,2606,9.9299,92.470057,,,1134600,4169.027414
Ryde,1/05/2020,2546,20,90,143.7896936,518,14.7632,92.715447,,,153153,2401.759053
Strathfield,1/05/2020,1000,15,69.5,123.4230769,157,14.9038,88.542254,,,7194,2077.1875
Sutherland Shire,1/05/2020,2440,35,144.5,213.3652482,486,25.3546,95.107656,,,421193,3858.437943
Sydney,1/05/2020,14315,0,135,211.2476806,6262,14.1979,92.2375,,,4792625,3651.307307
The Hills Shire,1/05/2020,6986,24,80,179.6984615,259,20,93.422727,,,52778,1903.344615
Waverley,1/05/2020,10000,5,150,244.8568061,4210,9.5855,93.853345,,,1322101,5386.739737
Willoughby,1/05/2020,2599,26,127.5,198.4412879,403,8.9015,91.573446,,,92050,3605.594697
Woollahra,1/05/2020,12076,23,150,321.8928341,1281,10.1356,93.546627,,,239953,6124.092318
Bayside,1/06/2020,14478,0,84,178.7433796,1201,13.367,92.101378,-1.86,,911790,2498.889029
Blacktown,1/06/2020,1099,23,62,90.6742671,234,13.355,90.455026,-3.46,,209880,1109.09772
Burwood,1/06/2020,2440,14,69,130.9467681,165,7.9848,89.494318,-2.95,,25344,2066.847909
Camden,1/06/2020,350,32,87.5,106.76,41,22,94.823529,2.04,,16425,1462.1
Campbelltown,1/06/2020,2500,20,80,161.7226891,75,27.7311,92.288889,0,,66115,1887.571429
Canada Bay,1/06/2020,2440,24,109.5,154.2387387,372,9.6847,92.466431,-4.31,,150875,2936.11036
Canterbury-Bankstown,1/06/2020,999,13,70,96.74,494,11.5385,90.764706,-1.07,,389805,1437.427692
Cumberland,1/06/2020,15000,14,100,160.9065934,397,14.4689,91.438596,-6.19,,150870,2843.725275
Fairfield,1/06/2020,501,20,76,101.1938776,57,7.1429,89.424658,2.08,,31165,1219.938776
Georges River,1/06/2020,3499,0,80,127.3285024,305,13.7681,92.503846,-0.48,,125613,2109.623188
Hornsby,1/06/2020,4999,20,87.5,149.5416667,325,22.3684,93.596045,-1.94,,271558,2320.118421
Hunters Hill,1/06/2020,2440,35,180,321.8545455,55,7.2727,94.918919,1.85,,6450,6206.981818
Inner West,1/06/2020,9021,14,100,187.3349896,1971,14.5756,93.41681,-1.15,,1023150,3836.463768
Lane Cove,1/06/2020,3000,34,110,230.9102564,244,12.8205,92.061033,-1.27,,51138,4369.365385
Liverpool,1/06/2020,550,14,90,119.5405405,112,20.2703,91.84466,-3.9,,76942,1660.222973
Mosman,1/06/2020,14478,30,199,458.2632613,368,13.3595,94.760479,-0.2,,10708,8602.856582
North Sydney,1/06/2020,3150,21,140,215.0710546,1028,15.632,93.848677,-0.96,,356421,3959.500374
Northern Beaches,1/06/2020,7151,13,200,349.4884746,4113,17.0375,95.139602,-1.01,,6072039,6806.351974
Parramatta,1/06/2020,3000,14,85,168.1239243,415,13.0809,90.471751,-3.97,,346061,1983.409639
Penrith,1/06/2020,1500,25,110.5,148.7093023,113,24.4186,95.723077,-3.37,,56800,1444.55814
Randwick,1/06/2020,10000,4,119,195.7184733,2597,10.0153,92.313987,-0.24,,1125990,4127.173435
Ryde,1/06/2020,2456,20,89.5,138.4825073,503,14.5773,92.808102,-4.46,,156546,2272.157434
Strathfield,1/06/2020,999,16,69,122.0334928,156,14.3541,88.457143,0.48,,6664,1404.435407
Sutherland Shire,1/06/2020,2440,34,141.5,213.0091912,474,25.7353,95.327628,-3.55,,435092,4139.851103
Sydney,1/06/2020,14314,0,134,209.7835327,6185,14.1179,92.367208,-2.39,,4848575,3719.978428
The Hills Shire,1/06/2020,6984,24,80,179.0700637,250,18.7898,92.800948,-3.38,,53669,1945.716561
Waverley,1/06/2020,10000,4,150,244.2478105,4165,9.3153,93.914771,-1.32,,1313400,5430.481887
Willoughby,1/06/2020,2600,25,122,195.9083969,401,8.2061,91.822034,-0.76,,91490,3505.637405
Woollahra,1/06/2020,12075,23,150,318.5384106,1255,9.6689,93.529592,-2.52,,239232,6189.841722
Bayside,1/07/2020,14376,0,81,180.9019987,1171,14.6357,92.049383,-2.21,,918720,2462.005803
Blacktown,1/07/2020,2164,23,64,117.9634552,230,14.9502,90.843575,-1.95,,240075,1376.843854
Burwood,1/07/2020,2711,14,70,145.5660377,161,8.3019,89.615819,0.76,,26388,1884.992453
Camden,1/07/2020,2157,31,94.5,232.66,42,34,94.969697,0,,20500,2329.6
Campbelltown,1/07/2020,2500,20,83,240.8584071,73,27.4336,92.333333,-5.04,,61950,2274.787611
Canada Bay,1/07/2020,2711,24,105,155.9787736,359,9.9057,92.869403,-4.5,,148223,3212.167453
Canterbury-Bankstown,1/07/2020,2157,13,75,104.1360759,490,12.6582,90.951282,-2.77,,394446,1479.015823
Cumberland,1/07/2020,15000,14,98,196.1583166,368,15.2305,91.468144,-8.61,,145530,3969.094188
Fairfield,1/07/2020,2164,20,78,222.2815534,57,13.5922,89.671233,5.1,,32798,1366.524272
Georges River,1/07/2020,1500,0,80,118.8961353,305,15.942,92.767176,0,,132923,2081.311594
Hornsby,1/07/2020,5000,20,87,176.8905908,324,24.7265,93.330484,0.22,,274006,2503.857768
Hunters Hill,1/07/2020,2711,36,180,327.5849057,53,7.5472,95.4,-3.64,,6294,6900.943396
Inner West,1/07/2020,9020,14,101,190.1419327,1923,16.0915,93.457453,-4.02,,993453,3825.835203
Lane Cove,1/07/2020,3000,25,118,267.0619195,244,12.6935,91.904762,3.53,,52470,4376.123839
Liverpool,1/07/2020,2164,16,91,276.1677419,106,20,92.193878,4.73,,73848,2708.264516
Mosman,1/07/2020,14355,30,200,447.9207317,354,13.8211,94.88785,-3.34,,10606,9313.821138
North Sydney,1/07/2020,3150,19,136,218.5056948,1007,15.7935,93.977124,-1.5,,356343,4070.677297
Northern Beaches,1/07/2020,7137,1,200,354.1310484,4078,17.7823,95.167687,-0.58,,6113250,6935.7375
Parramatta,1/07/2020,3000,14,85,197.5961538,405,14.5105,90.148148,-1.55,,351315,1937.877622
Penrith,1/07/2020,2164,30,105,182.7840909,111,26.1364,95.385827,2.33,,54675,1529.153409
Randwick,1/07/2020,10000,4,118,203.4973462,2541,10.4902,92.238703,-2.2,,1114350,4228.264752
Ryde,1/07/2020,2711,20,89,164.2540862,492,15.7504,92.861915,-1.9,,155207,2910.824666
Strathfield,1/07/2020,999,16,70,122.5804878,152,15.6098,88.365672,-1.91,,6584,1669.604878
Sutherland Shire,1/07/2020,2710,35,141,222.0094518,464,29.1115,95.380952,-2.76,,428327,4360.909263
Sydney,1/07/2020,14315,0,131,237.1087463,6017,14.699,92.506539,-3.66,,4805575,4114.458597
The Hills Shire,1/07/2020,6985,26,80.5,254.3159509,250,19.3252,93.086538,3.82,,52030,2267.966258
Waverley,1/07/2020,10000,5,150,247.7052717,4085,9.6275,93.970396,-2.21,,1298715,5455.223692
Willoughby,1/07/2020,2711,22,120,214.9639469,391,9.2979,91.688761,0.57,,89800,3327.988615
Woollahra,1/07/2020,28613,25,150,338.4707071,1230,10.4377,93.524454,-1.66,,235571,6775.139394
Bayside,1/08/2020,2904,17,79,110.6945145,1051,15.5797,92.009153,-11.03,,748350,1916.703761
Blacktown,1/08/2020,2000,20,60,98.15205674,216,13.4752,90.011696,-6.31,,182490,1228.808085
Burwood,1/08/2020,530,15,65,91.7364898,152,7.7551,89.595238,-7.55,,22542,1272.894776
Camden,1/08/2020,400,35,95,112.3617021,41,34.0426,95.151515,-6,,17375,1616.531915
Campbelltown,1/08/2020,2500,25,80.5,149.1276596,68,29.7872,92.506849,-16.81,,41055,1733.042553
Canada Bay,1/08/2020,1450,25,102,148.8939776,310,10.3641,94,-15.8,,121839,2866.27535
Canterbury-Bankstown,1/08/2020,850,13,70,93.40958707,429,12.7469,90.597059,-11.87,,306618,1225.362639
Cumberland,1/08/2020,15000,15,85,151.1817647,318,15.7647,91.171053,-14.83,,115665,3064.957153
Fairfield,1/08/2020,840,20,78,90.57303371,53,14.6067,89.283582,-13.59,,27048,903.4831461
Georges River,1/08/2020,997,25,75,104.2620225,272,17.1348,92.738739,-14.01,,105519,1689.794101
Hornsby,1/08/2020,5000,20,85,155.3230958,296,26.0442,93.438095,-10.94,,226644,2310.975848
Hunters Hill,1/08/2020,1100,30,155,252.9555556,45,8.8889,95.242424,-15.09,,5322,5180.444444
Inner West,1/08/2020,9021,17,99,159.9600049,1700,16.5935,93.502373,-11.6,,835259,3126.446437
Lane Cove,1/08/2020,2073,32,105,207.9236364,203,14.1818,92.130682,-14.86,,42273,3887.917091
Liverpool,1/08/2020,530,29,85,113.972028,106,22.3776,92.536082,-7.74,,59976,1288.433566
Mosman,1/08/2020,13936,30,200,428.758451,305,14.123,94.902778,-10.77,,8890,8476.180091
North Sydney,1/08/2020,14589,26,128,202.8356266,873,16.1625,93.933251,-12.15,,292396,3787.444883
Northern Beaches,1/08/2020,10000,15,190,332.2283501,3651,18.4488,95.083227,-10.06,,5218521,6307.755703
Parramatta,1/08/2020,3000,20,80,113.7517131,369,15.7371,89.863057,-12.24,,300255,1695.173825
Penrith,1/08/2020,1500,24,100,152.6794872,105,31.4103,95.559322,-11.36,,45600,1489.041474
Randwick,1/08/2020,10000,11,110,187.2896003,2231,10.9921,92.373227,-12.52,,922440,3798.795128
Ryde,1/08/2020,829,16,79,98.89728464,413,16.2921,92.777778,-20.65,,121810,1686.50588
Strathfield,1/08/2020,4567,20,70,133.1828571,134,17.1429,88.475,-14.63,,4780,1173.314286
Sutherland Shire,1/08/2020,1500,24,132.5,199.1530335,426,31.3808,95.922652,-9.64,,373674,3879.59954
Sydney,1/08/2020,14315,11,113,159.4499174,5210,16.1882,92.604314,-15.43,,3875525,3056.582937
The Hills Shire,1/08/2020,9999,25,79.5,195.9078947,244,19.4079,92.980583,-6.75,,46266,1602.284737
Waverley,1/08/2020,10000,14,149,228.6427786,3518,10.1944,93.988026,-14.15,,1079419,5016.962639
Willoughby,1/08/2020,14568,24,104,199.5237045,348,9.2077,91.903846,-11.39,,78430,3916.37666
Woollahra,1/08/2020,9501,28,150,310.7494461,1094,11.0774,93.71362,-11.25,,201586,6238.583581
Bayside,1/09/2020,2903.71,17,79,109.0278506,1157,14.4156,91.960784,11.59,,863940,1961.637981
Blacktown,1/09/2020,2000,20,60,95.00595156,220,14.1869,90.697143,2.48,,198770,1179.457509
Burwood,1/09/2020,530,15,66,92.40425856,158,7.2243,89.857923,7.35,,25416,1338.481787
Camden,1/09/2020,400,35,92,110.473125,42,35.4167,95.205882,2.13,,19250,1825.716458
Campbelltown,1/09/2020,510,25,74.215,114.8643,71,28,92.467532,6.38,,53480,1246.469
Canada Bay,1/09/2020,1450,25,100,145.696825,345,9,93.876494,12.04,,139638,2895.26235
Canterbury-Bankstown,1/09/2020,650,13,70,92.06618271,475,13.0506,90.635638,10.05,,366795,1337.681289
Cumberland,1/09/2020,15000,15,85,176.1113779,360,16.4927,91.423529,12.71,,139080,3934.399395
Fairfield,1/09/2020,840,20,78,94.34478261,54,14.1304,89.558824,3.37,,28773,962.9030435
Georges River,1/09/2020,1250,21,70,104.7388305,298,14.7971,92.8,17.7,,133501,1838.249165
Hornsby,1/09/2020,5000,20,85,155.722,316,24.7191,93.597668,9.34,,271286,2732.321326
Hunters Hill,1/09/2020,1100,30,170,258.4172,50,8,95.382353,11.11,,6030,5519.6832
Inner West,1/09/2020,9021,17,100,157.9803219,1901,15.7025,93.486569,12.2,,967708,3249.363193
Lane Cove,1/09/2020,2069,25,100,205.3459468,229,13.289,92.21393,9.45,,49761,4042.708638
Liverpool,1/09/2020,522,24,85,115.5620438,102,20.438,92.623529,-4.2,,63954,1404.291971
Mosman,1/09/2020,13748,30,200,428.6095437,349,12.6984,94.861635,14.81,,10636,8630.074008
North Sydney,1/09/2020,14589,26,128.5,200.9766537,978,15.3666,94.113356,10.8,,348400,3998.798799
Northern Beaches,1/09/2020,10000,15,190,329.1458838,3983,16.6219,95.007499,8.43,,6115815,7041.914067
Parramatta,1/09/2020,3000,20,80,111.0168089,395,14.6568,90.08631,7.37,,337107,1702.324063
Penrith,1/09/2020,2399,24,100,185.0843373,113,29.5181,95.421488,6.41,,58575,2175.166928
Randwick,1/09/2020,10000,14,106,189.0214731,2506,10.2768,92.332653,12.17,,1089015,4017.874181
Ryde,1/09/2020,829,16,80,100.0220973,463,16.443,92.818627,11.61,,141557,1762.000487
Strathfield,1/09/2020,4567,20,73,127.4967337,149,17.0854,88.007576,13.71,,6516,1417.850503
Sutherland Shire,1/09/2020,1523,24,133.5,204.528,453,29.8039,95.644909,6.69,,429639,4236.690373
Sydney,1/09/2020,14315,11,114,164.3751301,5838,15.0627,92.648346,10.87,,4500650,3284.353887
The Hills Shire,1/09/2020,9999,21,80,197.4083333,247,17.9245,92.816901,4.61,,52514,1892.367862
Waverley,1/09/2020,10000,5,149,232.9787308,3999,9.5031,94.045134,14.51,,1284976,5370.898244
Willoughby,1/09/2020,14568,19,103,200.9512375,376,9.98,91.960725,7.28,,87920,4060.810399
Woollahra,1/09/2020,28613,20,150,344.3102243,1215,10.1292,93.707758,11.61,,232498,7080.60085
Bayside,1/10/2020,2904,17,78,108.7817449,1141,13.4171,92.087185,-1.75,,908430,2103.445611
Blacktown,1/10/2020,2000,18,64,98.96544484,216,11.7438,91.224852,-2.77,,225390,1673.458007
Burwood,1/10/2020,530,15,65,90.03071698,163,6.4151,89.157609,0.76,,26202,1350.09434
Camden,1/10/2020,425,35,100,114.3881132,43,32.0755,95.117647,10.42,,20350,1753.827925
Campbelltown,1/10/2020,659,25,74,114.7797917,67,26.0417,90.779221,-4,,58905,1733.1125
Canada Bay,1/10/2020,1100,25,100,141.8631313,343,8.5859,93.987854,-1,,147322,3097.515682
Canterbury-Bankstown,1/10/2020,650,13,70,92.96316994,474,12.9085,90.57672,-0.16,,409461,1518.971422
Cumberland,1/10/2020,15000,15,85,172.7475214,354,13.6752,91.389728,-2.3,,140970,4101.446624
Fairfield,1/10/2020,840,20,75,93.12270588,49,9.4118,90.245902,-7.61,,31027,1239.882471
Georges River,1/10/2020,1302,21,70,108.6134217,295,13.494,92.953125,-0.95,,141083,2142.416217
Hornsby,1/10/2020,1466,20,89,145.6325352,309,25.8216,93.6,-4.27,,276760,2810.885376
Hunters Hill,1/10/2020,1100,30,190,269.5098039,51,5.8824,95.454545,2,,6264,5783.392157
Inner West,1/10/2020,9021,16,100,159.195969,1878,14.115,93.57721,-1.7,,995372,3478.659482
Lane Cove,1/10/2020,2078,25,104.5,203.3528808,227,12.2517,92.383085,0.33,,53406,4186.055762
Liverpool,1/10/2020,9999,24,85,191.6257252,105,21.374,92.569767,-4.38,,71570,3936.787328
Mosman,1/10/2020,4000,30,215,413.2567347,338,9.5918,94.57947,-2.78,,11274,9024.526102
North Sydney,1/10/2020,14589,26,130,208.4743323,961,14.9444,94.218821,-1.87,,358878,4331.02814
Northern Beaches,1/10/2020,10000,15,195.5,346.2937903,3909,15.8016,95.103427,-1.22,,6350256,7723.592076
Parramatta,1/10/2020,3000,20,80,105.7095717,394,13.0354,90.148936,-0.37,,364450,1655.96162
Penrith,1/10/2020,2084,24,100,179.9767296,106,32.0755,95.307018,-4.22,,66875,3256.933899
Randwick,1/10/2020,10000,15,106,189.2541526,2468,9.6429,92.454829,-2,,1106640,4243.020247
Ryde,1/10/2020,829,16,80,100.8276451,460,13.6519,92.898515,-1.68,,149942,1978.336519
Strathfield,1/10/2020,4567,20,70,127.1568557,145,16.4948,88.456,-2.51,,6584,1447.824227
Sutherland Shire,1/10/2020,1500,22,135,209.9991519,448,26.8245,95.617801,-0.59,,435871,4527.985858
Sydney,1/10/2020,14315,11,115,166.0182182,5774,13.8652,92.683355,-1.6,,4647050,3531.308861
The Hills Shire,1/10/2020,9999,25,75,196.7821338,242,18.7898,92.709524,-1.26,,54285,2456.333854
Waverley,1/10/2020,10000,5,150,233.4664071,3968,9.1501,94.07101,-1.35,,1303071,5586.348724
Willoughby,1/10/2020,14568,24,101,212.426572,371,10.7505,92.030864,-1.6,,97410,4996.689655
Woollahra,1/10/2020,28613,20,150,341.6435188,1198,9.0403,93.722826,-2.24,,236418,7400.159854
Bayside,1/11/2020,2904,14,78,112.5416385,1115,13.3378,92.329361,-2.38,,838140,2083.918077
Blacktown,1/11/2020,2000,18,61,92.80701754,221,11.9298,91.059172,1.42,,187495,1227.364912
Burwood,1/11/2020,530,15,69.5,91.42125984,153,7.0866,89.736196,-4.15,,23328,1248.625984
Camden,1/11/2020,425,35,100,122.6792453,42,30.1887,94.882353,0,,21025,1801.018868
Campbelltown,1/11/2020,660,25,78,120.7474747,68,26.2626,90.428571,3.13,,55965,1426.050505
Canada Bay,1/11/2020,1100,21,100,141.172043,322,8.6022,93.70339,-6.06,,131886,2887.44086
Canterbury-Bankstown,1/11/2020,900,13,70,95.35532995,465,13.3672,91.065395,-3.43,,357006,1391.353638
Cumberland,1/11/2020,15000,15,85,173.7334755,358,13.4328,91.958861,0.21,,131745,3909.452026
Fairfield,1/11/2020,840,20,69.5,92.03658537,52,10.9756,92.415094,-3.53,,28152,1146.743902
Georges River,1/11/2020,1564,21,70,107.4868735,302,15.0358,92.408397,0.96,,132498,1984.066826
Hornsby,1/11/2020,1466,20,89,151.5338164,305,26.57,93.639241,-2.82,,243406,2774.289855
Hunters Hill,1/11/2020,1000,30,167.5,240.58,50,8,95.382353,-1.96,,5676,4390.52
Inner West,1/11/2020,9021,17,100,156.7395926,1874,13.5075,93.535354,-0.09,,966454,3331.626661
Lane Cove,1/11/2020,2750,25,108.5,214.6081081,227,13.1757,92.061538,-1.99,,49437,4290.675676
Liverpool,1/11/2020,9999,24,83,183.9545455,108,22.7273,93.147727,0.76,,70856,3820.840909
Mosman,1/11/2020,4000,30,213.5,410.2405858,332,10.251,94.421769,-2.45,,10879,8804.711297
North Sydney,1/11/2020,14589,26,130,201.9705882,916,14.5378,94.26247,-5.41,,335985,4212.12437
Northern Beaches,1/11/2020,10000,20,200,353.3758136,3896,15.7254,95.053996,-0.31,,6245148,7872.26097
Parramatta,1/11/2020,3000,20,80,107.396648,395,12.4767,90.478528,0,,333111,1517.821229
Penrith,1/11/2020,2329,24,100,177.3548387,104,31.6129,95.348624,-2.52,,56175,3107.916129
Randwick,1/11/2020,10000,16,108,187.2213006,2430,9.4227,92.517609,-2.14,,1076820,4271.85136
Ryde,1/11/2020,829,16,80,101.9741824,457,13.0809,92.845771,-0.85,,139295,1850.462995
Strathfield,1/11/2020,4567,20,69,122.1639344,141,13.6612,87.781513,-5.67,,5538,1218.786885
Sutherland Shire,1/11/2020,1500,24,135.5,216.4527559,449,26.1811,95.643979,0.2,,420783,4519.163386
Sydney,1/11/2020,22500,11,115,169.3023937,5728,13.9228,92.657575,-1.62,,4571650,3583.400342
The Hills Shire,1/11/2020,9999,25,75,223.2605863,235,17.5896,92.495238,-2.23,,48389,2088.931596
Waverley,1/11/2020,10000,5,150,235.6504219,3964,8.9662,94.036782,-0.52,,1298462,5626.181857
Willoughby,1/11/2020,14568,24,102,208.1257732,372,11.134,92.471154,-1.62,,92120,4706.740206
Woollahra,1/11/2020,28613,20,150,319.424735,1192,9.3993,93.691372,-1.6,,231721,6947.042403
Bayside,1/12/2020,2904,15,80,116.8160951,1128,13.1949,92.124726,1.08,,954780,2486.875352
Blacktown,1/12/2020,2000,22,61.5,92.99295775,217,12.2807,91,-0.35,,244805,1670.380282
Burwood,1/12/2020,530,16,70,100.1984127,151,7.9365,89.959064,-0.79,,27594,1635.718254
Camden,1/12/2020,472,35,100,127.6037736,43,30.1887,95.028571,0,,23250,2250.075472
Campbelltown,1/12/2020,2243,24,83.5,174.3627451,69,23.5294,89.578947,3.03,,65345,3326.5
Canada Bay,1/12/2020,3300,21,104,157.1811024,324,8.6614,93.13617,2.42,,145384,3385.587927
Canterbury-Bankstown,1/12/2020,900,13,70,98.41876047,457,13.2328,91.054645,1.02,,439179,1839.879397
Cumberland,1/12/2020,15000,15,93,178.1279318,359,12.3667,90.246106,0,,147645,4254.4371
Fairfield,1/12/2020,1429,20,75,109.1764706,56,10.5882,92.203704,3.66,,32959,1778.164706
Georges River,1/12/2020,1850,21,73,113.5889724,294,14.5363,92.342742,-4.77,,143854,2333.997494
Hornsby,1/12/2020,1466,20,94,165.6436782,322,26.1468,93.912121,5.07,,297772,3564.937931
Hunters Hill,1/12/2020,1000,30,164,273.0392157,50,9.8039,95.16129,2,,7014,6019.137255
Inner West,1/12/2020,9021,17,100,162.3463437,1866,13.9973,93.560284,-1.28,,1024974,3710.881561
Lane Cove,1/12/2020,2750,25,110,216.790378,221,13.4021,91.798942,-1.69,,53181,4917.360825
Liverpool,1/12/2020,503,24,90,114.1804511,106,22.5564,93.597701,0.76,,79254,2032.902256
Mosman,1/12/2020,8230,30,250,514.0373444,333,10.7884,94.401384,0.84,,11595,11026.70747
North Sydney,1/12/2020,14589,26,135,213.7437604,933,14.3095,94.411976,1.01,,363142,4744.770383
Northern Beaches,1/12/2020,10000,20,214,396.8408673,3987,15.5387,95.116337,2.65,,6966939,9548.082225
Parramatta,1/12/2020,3000,20,80,110.2633588,400,12.2137,90.675,-2.42,,390498,1997.339695
Penrith,1/12/2020,2172,24,114,183.2919255,108,30.4348,95.485981,3.87,,69875,3609.453416
Randwick,1/12/2020,10000,16,110,198.3230514,2451,9.2824,92.399566,0.8,,1132305,4695.33341
Ryde,1/12/2020,1086,16,85,105.1544992,460,13.073,92.906634,1.38,,160719,2223.342954
Strathfield,1/12/2020,4567,20,67,129.0338983,141,14.1243,89.106195,-3.28,,6216,1476.59887
Sutherland Shire,1/12/2020,1669,24,148,236.4466019,454,26.4078,95.7,1.38,,501020,5712.073786
Sydney,1/12/2020,22500,11,120,181.9059086,5668,14.3371,92.673168,-1.61,,4916550,4181.368297
The Hills Shire,1/12/2020,7918,25,75,208.2094595,227,16.8919,92.39196,-3.58,,60478,4009.027027
Waverley,1/12/2020,10000,5,150,256.741566,4009,8.9736,94.149383,1.31,,1354199,6210.09621
Willoughby,1/12/2020,14568,22,115,237.5731959,375,10.5155,92.339934,0,,108210,5825.529897
Woollahra,1/12/2020,28613,25,155,346.1704871,1172,8.8109,93.759174,-1.34,,238658,7626.09957
Bayside,1/01/2021,2904,15,80,128.8322237,1128,11.8509,92.107301,0.6,,934290,2631.88482
Blacktown,1/01/2021,2228,22,61,106.6807018,213,11.9298,90.596591,0.35,,225225,1718.115789
Burwood,1/01/2021,530,16,70,98.87250996,149,9.5618,89.971591,-0.4,,27846,1636.167331
Camden,1/01/2021,448,35,100,127.2264151,43,37.7358,94.40625,0,,21375,1837.056604
Campbelltown,1/01/2021,8000,21,83,237.4271845,69,26.2136,89.84,0.98,,69195,3293.834951
Canada Bay,1/01/2021,3586,21,100,155.7057292,327,8.0729,93.438298,0.79,,142630,3378.106771
Canterbury-Bankstown,1/01/2021,893,13,70,97.53872054,452,10.9428,91.094444,-0.5,,400803,1658.828283
Cumberland,1/01/2021,15000,15,95,180.6336207,357,13.1466,90.732704,-1.07,,138165,4137.532328
Fairfield,1/01/2021,840,15,78,105.0240964,54,10.8434,92.345455,-2.35,,36547,1874.421687
Georges River,1/01/2021,1807,21,70,111.6801008,291,10.5793,91.516,-0.5,,139264,2137.277078
Hornsby,1/01/2021,1466,20,94,165.0627907,321,27.907,93.878505,-1.15,,284512,3242.02093
Hunters Hill,1/01/2021,1200,30,195,310.9038462,50,7.6923,95.28125,1.96,,7008,6406.615385
Inner West,1/01/2021,9021,17,100,160.9795826,1838,13.2426,93.522078,-1.12,,1009641,3727.307623
Lane Cove,1/01/2021,2200,25,110,213.4532872,218,15.2249,91.590426,-0.69,,52002,4491.366782
Liverpool,1/01/2021,750,24,91,116.6595745,107,14.1844,93.681319,6.02,,70788,1622.77305
Mosman,1/01/2021,8230,30,232.5,474.473029,335,12.8631,94.465986,0,,11191,9975.321577
North Sydney,1/01/2021,14589,26,130,211.433584,921,11.863,94.372902,-0.42,,352755,4618.187135
Northern Beaches,1/01/2021,10000,20,206,395.6595086,3931,15.2973,95.116475,-0.94,-50,6367698,8548.626678
Parramatta,1/01/2021,3000,20,78,110.0665434,403,11.0906,90.061538,3.24,,388130,2018.994455
Penrith,1/01/2021,1795,24,119,177.4792899,110,22.4852,95.513274,4.97,,56750,2793.319527
Randwick,1/01/2021,10000,18,110,195.0023102,2434,8.1518,92.370915,-0.26,,1100325,4382.172277
Ryde,1/01/2021,2215,14,85,111.458194,456,13.8796,92.82716,1.53,,163852,2328.617057
Strathfield,1/01/2021,4567,20,69.5,127.8426966,141,12.9213,88.905172,0.56,,6506,1882.758427
Sutherland Shire,1/01/2021,1741,24,147,235.3764479,452,27.6062,95.84596,0.58,,456084,5060.635135
Sydney,1/01/2021,23929,11,120,194.9186802,5625,13.1485,92.650375,1.2,,4784200,4237.681958
The Hills Shire,1/01/2021,8224,25,75,213.1137124,225,15.0502,92.40404,1.01,,55330,3131.076923
Waverley,1/01/2021,10000,5,150,250.8729594,3975,7.9079,94.136772,-0.5,100,1332232,6037.476978
Willoughby,1/01/2021,14568,24,110,237.8959184,373,9.3878,92.478827,1.03,,102200,5695.526531
Woollahra,1/01/2021,28613,25,150,334.1697842,1164,7.6978,93.698394,-0.43,,235298,7258.160432
Bayside,1/02/2021,2904,15,80,124.7214334,1111,11.733,92.0299,-1.53,,867330,2421.277214
Blacktown,1/02/2021,2000,22,63,93.55272727,216,11.9565,90.856287,-3.51,0,183095,1075.287273
Burwood,1/02/2021,530,16,70,95.66521739,145,10,90.440476,-8.37,,23994,1451.769565
Camden,1/02/2021,427,35,100,125.7115385,42,38.4615,94.393939,-1.89,,18600,1734.557692
Campbelltown,1/02/2021,10000,20,83,268.245283,73,27.1028,90.298701,2.91,,63350,3396.575472
Canada Bay,1/02/2021,3300,21,100,153.0680628,322,8.8773,92.829167,-0.52,,136425,3206.447644
Canterbury-Bankstown,1/02/2021,2261,13,70,105.5750422,453,10.7383,91.111732,-0.17,,375609,1705.252951
Cumberland,1/02/2021,15000,15,98.5,180.8432203,359,13.1078,90.572308,1.72,,133635,3840.887712
Fairfield,1/02/2021,840,20,75,101.3411765,56,12.7907,92.482143,2.41,,30222,1225.270588
Georges River,1/02/2021,1750,21,70,108.8193384,289,10.6599,91.51417,-1.01,,127075,1876.918575
Hornsby,1/02/2021,1466,20,95,162.3309693,319,28.7059,93.909657,-1.63,100,249186,2812.234043
Hunters Hill,1/02/2021,1500,30,155,321.7647059,49,7.8431,94.625,-1.92,,6168,6134.196078
Inner West,1/02/2021,9021,17,100,160.1543747,1828,13.2387,93.486859,-0.95,,968012,3516.48557
Lane Cove,1/02/2021,2200,25,108.5,215.0035211,217,15.493,91.675676,-1.73,,47619,4462.401408
Liverpool,1/02/2021,750,24,95,121.3623188,106,14.4928,94.086957,-2.13,,65960,1598.963768
Mosman,1/02/2021,4000,30,237,432.6583333,333,12.7083,94.465753,-0.41,,10938,9214.1375
North Sydney,1/02/2021,14589,26,130,208.10615,916,12.037,94.423216,-0.84,,337584,4322.360573
Northern Beaches,1/02/2021,10000,20,200,370.2511967,3920,15.0614,95.137888,-0.78,100,6080703,7774.367326
Parramatta,1/02/2021,3000,20,79,107.6299065,400,10.6145,89.817337,-1.11,,341658,1615.308411
Penrith,1/02/2021,1832,24,120,182.4939024,106,23.6364,95.577982,-2.96,,60025,3223.530488
Randwick,1/02/2021,10000,18,110,188.4466403,2426,8.1773,92.155435,0.2,,1077630,4222.190053
Ryde,1/02/2021,1746,14,86.5,110.043771,453,13.1313,92.549505,-0.67,,153062,2149.104377
Strathfield,1/02/2021,4567,20,70,131.5674157,141,12.9213,89.1875,0,,5734,1441.61236
Sutherland Shire,1/02/2021,1988,24,140.5,224.3313725,447,27.0588,95.782609,-1.54,,427343,4621.754902
Sydney,1/02/2021,23571,11,120,189.0261559,5581,12.6827,92.606207,-1.05,,4650275,4019.33854
The Hills Shire,1/02/2021,6627,25,75,203.3491525,222,15.5932,92.306122,-1.34,,53900,2338.766102
Waverley,1/02/2021,10000,5,150,249.3255863,3945,7.832,94.102315,-0.94,100,1308395,5987.010142
Willoughby,1/02/2021,14568,24,113.5,212.8088235,367,9.434,92.647249,-2.86,,95040,4780.058824
Woollahra,1/02/2021,28613,25,152,333.3258508,1157,7.9595,93.752887,-0.65,,226450,6887.75887
Bayside,1/03/2021,2904,15,80,126.8485477,1106,11.6471,92.06772,-2.23,25,883230,2613.850622
Blacktown,1/03/2021,2000,22,65,97.65671642,216,12.4542,91.84375,-2.55,400,198385,1203.787313
Burwood,1/03/2021,530,16,70,96.94117647,143,10.8597,90.70303,-3.91,,25488,1693.434389
Camden,1/03/2021,425,35,100,126.8039216,41,39.2157,94.393939,-1.92,,20950,1971.019608
Campbelltown,1/03/2021,10000,22,82,265.0754717,72,28.972,90.556962,0,0,74445,3462.716981
Canada Bay,1/03/2021,3300,21,100,154.2,321,8.6614,92.622881,-0.52,0,142732,3437.539474
Canterbury-Bankstown,1/03/2021,1000,13,70,99.43396226,450,11.0922,91.025352,-1.69,0,383877,1580.401372
Cumberland,1/03/2021,15000,15,95,179.6860707,359,12.2407,90.692073,1.91,0,151050,4094.731809
Fairfield,1/03/2021,840,17,75,99.34482759,57,12.5,92.864407,2.35,0,33902,1483.229885
Georges River,1/03/2021,1750,21,70,109.0848329,291,10.2564,92.145228,-1.02,0,130577,1943.437018
Hornsby,1/03/2021,1466,20,90,160.562201,316,28.3333,93.328125,-1.18,0,257006,2900.229665
Hunters Hill,1/03/2021,1500,30,190,345.5490196,49,7.8431,94.612903,0,,6072,5607.980392
Inner West,1/03/2021,9021,17,100,161.0769231,1805,13.2067,93.472389,-1.15,,976638,3596.89759
Lane Cove,1/03/2021,2000,25,107,205.748227,215,15.6028,91.108108,-0.7,,48744,4613.223404
Liverpool,1/03/2021,750,24,90,124.3308824,104,13.9706,93.608696,-1.45,,74222,1935.220588
Mosman,1/03/2021,4000,30,233,435.1953291,331,12.5,94.111888,-1.88,,11101,9798.123142
North Sydney,1/03/2021,14589,26,130,209.1971113,910,11.7997,94.364634,-0.84,0,345241,4521.480034
Northern Beaches,1/03/2021,10000,20,200,369.3620726,3890,14.8459,95.104252,-0.79,0,6138615,7836.590099
Parramatta,1/03/2021,3000,20,80,108.3648649,393,10.9405,90.066038,-3.18,50,349169,1683.565637
Penrith,1/03/2021,2295,24,120,207.1165644,107,23.1707,94.678899,-0.61,0,63100,3524.104294
Randwick,1/03/2021,10000,18,110,187.4341578,2396,8.0613,92.142464,-1.45,11.11,1079040,4166.582888
Ryde,1/03/2021,2321,14,85,109.3850085,447,12.6065,92.190476,-1.18,,157456,2235.221465
Strathfield,1/03/2021,4567,20,70,130.5,141,13.6364,89.423423,-1.12,,5920,1458.244318
Sutherland Shire,1/03/2021,1988,24,140.5,225.3007813,450,26.3672,95.794344,0.39,,434477,4609.646484
Sydney,1/03/2021,22500,11,120,192.4345253,5538,12.8959,92.546627,-1.55,100,4629375,4202.204986
The Hills Shire,1/03/2021,6025,25,75,201.6689895,220,15.625,92.404145,-2.71,,51161,2404.397213
Waverley,1/03/2021,10000,5,150,243.4961489,3908,7.6528,94.125896,-1.25,0,1296977,5813.316645
Willoughby,1/03/2021,14568,24,112.5,214.832636,366,8.977,92.569132,0.42,0,98200,4929.995816
Woollahra,1/03/2021,28613,25,150,329.920438,1152,7.8102,93.693473,-0.8,,226548,6739.39927
Bayside,1/04/2021,2904,15,80,120.0456461,1087,11.1421,92.248853,-1.52,140,879210,2492.330056
Blacktown,1/04/2021,2000,22,66,100.219697,218,11.2727,92.019608,-1.49,120,212850,1264.128788
Burwood,1/04/2021,530,16,72.5,100.5350877,151,14.0351,90.197605,3.17,,24216,1651.605263
Camden,1/04/2021,425,35,94,109.24,40,32,94.967742,-1.96,,23050,1968.8
Campbelltown,1/04/2021,760,25,83,130.2571429,72,24.5283,90.716049,-0.94,0,68600,2231
Canada Bay,1/04/2021,3300,25,109,158.7345845,314,8,93.695652,-1.84,100,133535,3306.726542
Canterbury-Bankstown,1/04/2021,851,13,70,96.07005254,448,10.7452,91.33432,-2.06,100,366054,1447.059545
Cumberland,1/04/2021,15000,15,100,191.0977273,331,10.3604,91.483444,-8.52,300,132495,4162.993182
Fairfield,1/04/2021,840,20,77.5,107.8695652,60,12.9032,92.262295,5.75,0,31901,1319.717391
Georges River,1/04/2021,1750,21,70,113.2486486,284,10.6101,92.299107,-4.88,600,122009,1841.932432
Hornsby,1/04/2021,1466,20,95,168.0143885,322,25.5319,93.619048,-0.24,200,250784,2761.191847
Hunters Hill,1/04/2021,1500,30,160.5,339.2407407,51,7.4074,94.882353,5.88,,5916,5346.425926
Inner West,1/04/2021,9021,17,100,162.9791667,1761,13.6128,93.227882,-2.13,1000,975783,3709.975852
Lane Cove,1/04/2021,2000,25,108.5,203.8051471,207,12.8205,91.356757,-3.55,,50508,4823.452206
Liverpool,1/04/2021,750,24,100,126.4836066,94,10.6557,92.547619,-10.29,,71808,2127.540984
Mosman,1/04/2021,4000,30,237,440.1375546,322,8.6768,94.126761,-2.76,200,11186,9947.024017
North Sydney,1/04/2021,14589,26,135,211.3807107,898,12.4155,94.2954,0.42,100,354185,4433.748731
Northern Beaches,1/04/2021,10000,20,200,379.1739408,3841,14.5374,95.178673,-1.47,650,6063432,7925.533745
Parramatta,1/04/2021,3000,20,79,112.2185039,398,12.4272,90.332268,-1.93,133.33,344766,1713.966535
Penrith,1/04/2021,2180,24,120,173.9216867,113,21.4286,94.734513,1.84,100,64675,2719.843373
Randwick,1/04/2021,10000,15,107,187.8658373,2383,7.9625,92.073198,-0.6,50,1078635,4154.987895
Ryde,1/04/2021,5000,15,85,116.6425993,427,12.4324,92.844327,-5.62,,148941,2499.66787
Strathfield,1/04/2021,4567,20,70,132.2727273,144,7.9096,89.226087,0,,6056,1466.840909
Sutherland Shire,1/04/2021,2143,24,150,232.2380952,441,27.8107,95.687339,-1.56,,429024,4635.011905
Sydney,1/04/2021,14315,11,120,181.645653,5440,12.5563,92.559201,-2.53,128.57,4659175,4124.522801
The Hills Shire,1/04/2021,6942,25,75,232.9672727,213,16.1871,92.553191,-4.18,200,52404,2578.829091
Waverley,1/04/2021,10000,5,150,243.1910966,3856,7.2263,94.033425,-1.48,325,1283073,5859.922258
Willoughby,1/04/2021,14568,24,110,218.228145,358,9.5745,92.295082,-1.88,0,96590,4968.605544
Woollahra,1/04/2021,28613,25,152,361.9946524,1101,8.7652,93.930403,-4.45,200,223636,7505.017571
